course_id,course_title,description,skills,difficulty,rating,url,source
1,Getting started with the Vertex AI Gemini 1.5 Pro Model,"This is a self-paced lab that takes place in the Google Cloud console. This lab will provide an introductory, hands-on experience with Generative AI on Google Cloud.","IT, Systems, Networking, Cloud Computing; Data Science, Machine Learning, Machine Learning",Intermediate,0.0,https://www.coursera.org/learn/googlecloud-getting-started-with-the-vertex-ai-gemini-1-5-pro-model-i43mr,Coursera
2,SPSS: Apply & Interpret Logistic Regression Models,"This course provides a practical and applied introduction to logistic regression and supervised learning using IBM SPSS Statistics. Designed for learners seeking to build analytical skills in predictive modeling, the course emphasizes both conceptual understanding and tool-based execution.

Through step-by-step instruction, learners will identify key components of logistic regression, configure data within SPSS, and construct predictive models using real-world case studies. They will analyze model outputs, evaluate predictor significance, and interpret statistical results to make informed decisions.

The course integrates Excel-based logistic modeling and reinforces learning through guided examples such as heart pulse analysis and smoking behavior classification. By the end, learners will be able to confidently apply logistic regression methods to structured datasets, assess model performance using statistical evidence, and communicate findings through SPSS-generated outputs.","Data Science, Machine Learning, Data Analysis",Intermediate,0.0,https://www.coursera.org/learn/spss-apply-interpret-logistic-regression-models,Coursera
3,Securing Compute Engine Applications and Resources using Chrome Enterprise Premium,This is a self-paced lab that takes place in the Google Cloud console. Learn how to secure a Compute Engine instance with Identity-Aware Proxy (IAP).,"IT, Systems, Networking, Cloud Computing; Computer Science, Programming, Computer Security And Networks",Intermediate,0.0,https://www.coursera.org/learn/googlecloud-securing-compute-engine-applications-and-resources-using-chrom-or1ml,Coursera
4,Intégrer des applications dans votre Dashboard Hootsuite,"À la fin de ce projet, vous aurez toutes les compétences de base pour intégrer des applications dans votre Dashboard Hootsuite. Vous serez en mesure de découvrir les différents types d’applications que vous pouvez installer et vous pourrez les intégrer facilement et rapidement à votre tableau de bord sur Hootsuite.","Business, Management, Marketing; Computer Science, Programming, Design And Product",Intermediate,0.0,https://www.coursera.org/learn/integrer-applications-dashboard-hootsuite,Coursera
5,Overcoming  Challenges in Self and Society,"This course is an personal development and academic voyage that delves into the heart of human endurance and societal fortitude. It embarks on an exploratory mission to dissect the essence of adversity, weaving through personal, societal, and environmental intricacies. Learners will cultivate a nuanced understanding of resilience as a dynamic force and its transformative impact on the self and society.

Distinguished by its interdisciplinary framework, the course fuses elements of psychology, sociology, spirituality, and ecology. It begins with a deep dive into the historical and philosophical underpinnings of adversity, engaging with diverse narratives and examining the resilience of notable figures and civilizations. The journey progresses to unveil the psychological anatomy of resilience, where learners will dissect concepts like grit and growth mindset, discerning their role in personal development and societal progress.

As the course advances, it guides learners through the spiritual and humanistic dimensions of resilience, drawing on Renaissance humanism and ancient wisdom. This module offers a kaleidoscopic view of inner strength, inviting a renaissance of personal growth. In the digital realm, students will explore how resilience manifests and adapts in the face of technological evolution and global interconnectedness.

Concluding with a global perspective, the course navigates the role of resilience in societal transformation, from historical upheavals to modern challenges. Learners will emerge from this course not just as repositories of knowledge, but as empowered individuals equipped to foster resilience in themselves and ignite change within their communities.","Personal Development, Productivity, Personal Development; Arts, Humanities, History",Intermediate,0.0,https://www.coursera.org/learn/overcoming-challenges-in-self-and-society,Coursera
6,كيفية استعمال التطبيق هووتسويت,"ينشئ العديد من الأشخاص حسابات وسائط اجتماعية متعددة ويجدون لاحقا أنه من الصعب جدا تحديث ملفاتهم الشخصية على جميع المواقع.
ولذلك ستكون هذه الدورة التدريبية عبارة عن دراسة تمهيدية عن التطبيق هووتسويت، حيث سنتعرف على كيفية إنشاء حساب مجاني، كما سنتعلم كيفية استخدام موقع هووتسويت وطبيعته وميزاته المتقدمة.

في نهاية هذه الدورة ستكون قادرا على إنشاء حسابا مجانيا وستكون لديك دراية شاملة على الواجهة الإلكترونية لهووتسويت ومميزات وخصائص هذا التطبيق.

في هذا المشروع، سنقدم لك مراجعة تفصيلية للميزات الي يقدمها هووتسويت لإدارة فعالة لوسائل التواصل الاجتماعي. الهدف هو مساعدتك في اتخاذ قرار مستنير حول ما إذا كان هووتسويت مناسب لمتطلبات إدارة لوسائط الاجتماعية الخاصة بك.
بإكمال هذه الدورة التدريبية عن هووتسويت، وبمجرد اكتمال هذا المشروع سيكون بإمكانك الاتصال بجميع بروفايلاتك على مواقع التواصل الاجتماعي.

ملاحظة: تعمل هذه الدورة التدريبية بشكل أفضل للمتعلمين المقيمين في منطقة أمريكا الشمالية، نعمل حاليا على توفير نفس التجربة في مناطق أخرى.","Business, Management, Marketing; Business, Management, Business Strategy",Intermediate,0.0,https://www.coursera.org/learn/getting-started-with-hootsuite-ar,Coursera
7,Gamification,"Gamification is the application of game elements and digital game design techniques to non-game problems, such as business and social impact challenges. This course will teach you the mechanisms of gamification, why it has such tremendous potential, and how to use it effectively. For additional information on the concepts described in the course, you can purchase Professor Werbach's book For the Win: How Game Thinking Can Revolutionize Your Business in print or ebook format in several languages.","Computer Science, Programming, Design And Product; Business, Management, Marketing",Intermediate,0.0,https://www.coursera.org/learn/gamification,Coursera
8,CompTIA Cybersecurity Analyst (CySA+) CS0-003: Unit 2,"This course is meticulously designed for cybersecurity professionals eager to enhance their skills in identifying, analyzing, and mitigating vulnerabilities. Through hands-on lessons, you'll gain the expertise to implement effective vulnerability scanning methods, prioritize risks, and recommend strategic controls to protect against potential threats. Equip yourself with the knowledge to not only understand vulnerabilities but also to proactively defend against them, ensuring your organization's security posture remains robust and resilient.","IT, Systems, Networking, Security",Intermediate,0.0,https://www.coursera.org/learn/pearson-comptia-cybersecurity-analyst-cysa-cs0-003-video-course-2-jt58z,Coursera
9,Dealing With Missing Data,"This course will cover the steps used in weighting sample surveys, including methods for adjusting for nonresponse and using data external to the survey for calibration.  Among the techniques discussed are adjustments using estimated response propensities, poststratification, raking, and general regression estimation.  Alternative techniques for imputing values for missing items will be discussed.  For both weighting and imputation, the capabilities of different statistical software packages will be covered, including R®, Stata®, and SAS®.","Data Science, Machine Learning, Data Analysis; Social Sciences, Governance And Society",Intermediate,0.0,https://www.coursera.org/learn/missing-data,Coursera
10,Unordered Data Structures,"The Unordered Data Structures course covers the data structures and algorithms needed to implement hash tables, disjoint sets and graphs. These fundamental data structures are useful for unordered data. For example, a hash table provides immediate access to data indexed by an arbitrary key value, that could be a number (such as a memory address for cached memory), a URL (such as for a web cache) or a dictionary. Graphs are used to represent relationships between items, and this course covers several different data structures for representing graphs and several different algorithms for traversing graphs, including finding the shortest route from one node to another node. These graph algorithms will also depend on another concept called disjoint sets, so this course will also cover its data structure and associated algorithms.","Computer Science, Programming, Software Development",Intermediate,0.0,https://www.coursera.org/learn/cs-fundamentals-3,Coursera
11,Migrating to Cloud SQL from Amazon RDS for MySQL Using Database Migration Service,"This is a self-paced lab that takes place in the Google Cloud console.

In this lab, you migrate MySQL data from an Amazon RDS instance for MySQL to Cloud SQL for MySQL using a one-time Database Migration Service job and an IP allowlist for connectivity. After you create and run the migration job, you confirm that the data have been successfully migrated to your Cloud SQL for MySQL instance.","IT, Systems, Networking, Cloud Computing; IT, Systems, Networking, Data Management",Intermediate,0.0,https://www.coursera.org/learn/googlecloud-migrating-to-cloud-sql-from-amazon-rds-for-mysql-using-databas-lyazm,Coursera
12,Vital Signs: Understanding What the Body Is Telling Us,"The vital signs – heart rate, blood pressure, body temperature, respiration rate, and pain – communicate important information about the physiological status of the human body. In this six-part course we explore the anatomy and physiology underlying the vital signs so that you will develop a systematic, integrated understanding of how the body functions. Relevant body systems are reviewed including cardiovascular and respiratory, followed by explanations of how the function of these systems affects vital signs. We discuss normal ranges, normal variants, and the mechanisms that underlie changes in the objective measurement of vital signs. The course also includes demonstrations of appropriate techniques for measuring vital signs in yourself and others.

The course is designed for a broad, general audience but will be particularly interesting for individuals working in healthcare, those considering a career as a healthcare professional, lay caregivers, those with an interest in personal health and fitness, or anyone who simply wants to understand how the body functions.","Life Sciences, Patient Care",Intermediate,0.0,https://www.coursera.org/learn/vital-signs,Coursera
13,FinTech Disruptive Innovation: Implications for Society,"This course “FinTech Disruptive Innovation: Implications for Society” help you understand how disruptive innovations create opportunity in finance industry and its impact to society especially your career. You would be able to examine and analyse how FinTech innovations would affect companies that relates to FinTech services and how it might affect your career in finance.

You will learn about how peer to peer lending disrupt finance industry in different countries, the diversity of impact by FinTech in the comparison of East vs West, Big firms vs Small firms, and different generations etc., how to predict FinTech trends in different markets, and finally what you should do to pursue your career and secure your position in FinTech industry.","Business, Management, Finance; Business, Management, Business Strategy",Intermediate,0.0,https://www.coursera.org/learn/fintech-disruption,Coursera
14,Develop Code with Gemini in BigQuery,"This is a self-paced lab that takes place in the Google Cloud console. In this lab you learn how to use Gemini code generation, explanation and suggestions in BigQuery.","IT, Systems, Networking, Cloud Computing; Data Science, Machine Learning, Data Analysis",Intermediate,0.0,https://www.coursera.org/learn/googlecloud-develop-code-with-gemini-in-bigquery-l6l2o,Coursera
15,The Linux Essentials,"This course features Coursera Coach!

A smarter way to learn with interactive, real-time conversations that help you test your knowledge, challenge assumptions, and deepen your understanding as you progress through the course.

In this course, you'll embark on a journey through the world of Linux, gaining foundational knowledge to navigate and manage Linux operating systems. From understanding the history and usage of Linux to mastering essential command-line operations, this course will provide you with a strong base to begin your Linux journey. You'll also dive into Linux distributions, comparing popular versions like Ubuntu, CentOS, and Debian, and learn the nuances of installing and configuring them.
As you progress, you'll explore using Linux’s powerful CLI (Command Line Interface) for tasks such as file management, software installation, networking, and scripting. You’ll learn how to manage networks, secure systems, and administer user accounts, empowering you to configure, manage, and secure Linux systems with confidence.
The course is designed for beginners who want to start from the basics, progressing to more advanced Linux administration tasks. Whether you’re interested in IT, system administration, or development, this course will provide a solid foundation for managing Linux environments. No prior experience with Linux is required.","IT, Systems, Networking, Support And Operations; IT, Systems, Networking, Security",Intermediate,0.0,https://www.coursera.org/learn/packt-the-linux-essentials-yafiq,Coursera
16,Get Started with iOS App Development,"In a world increasingly dominated by mobile technologies, the demand for mobile app developers continues to be at an all-time high. Apple’s thriving business and enduring popularity of iPhone apps emphasize this trend. Whether you’re a beginner eager to make strides in this field or a seasoned developer seeking to upskill, mastering iOS app development is essential to succeed in this competitive market.  

This course will introduce you to the essential components, features, tools, and concepts for developing iOS apps. You will explore Xcode, its interface, and key features. You will also gain insight into the features and concepts of Swift and SwiftUI. Finally, you will develop basic iOS apps using the skills you learned throughout the course.    

The hands-on learning offered in this course will further equip you with a solid foundation for developing iOS apps.

You will require a macOS laptop or desktop to complete the hands-on labs and project. This micro-course, which will only take a few hours to complete, is suitable for beginners and experienced developers and requires no prior programming experience.

So, enroll today to gain the practical experience employers seek and prepare to take your career to new heights!","Computer Science, Programming, Mobile And Web Development; Computer Science, Programming, Software Development",Intermediate,0.0,https://www.coursera.org/learn/get-started-with-ios-app-development,Coursera
17,Create Amazing Macros in Affinity Photo,"Ready to save time and supercharge your photo editing workflow? In this course, taught by Ally, the creator of Affinity Revolution, you’ll learn how to create powerful, high-quality macros in Affinity Photo—perfect for applying complex edits with a single click.

By the end of this course, you’ll be able to:
* Build your own custom macros for color correction, retouching, and effects
* Automate repetitive editing tasks to streamline your creative process
* Batch process multiple images using Affinity’s Library and Macro tools

Whether you’re a photographer, designer, or creative hobbyist, this course is for anyone looking to boost efficiency without sacrificing quality. You’ll gain instant access to 30 professionally designed macros and learn exactly how each one was made—so you can start editing faster and smarter right away.

To be successful in this course, you should have a working knowledge of Affinity Photo’s interface and basic editing tools. If macros are new to you, get ready—they’re fun, practical, and a game-changer for your workflow.

Join Affinity Revolution and discover the power of macros in Affinity Photo!

Instructor bio:
Ally, the creator of Affinity Revolution, has been teaching people how to use the Affinity creative suite since 2016. Through her easy-to-follow tutorials on Affinity Photo, Designer, and Publisher, she focuses on delivering maximum value in minimal time—making complex tools feel simple and approachable. Ally knows that learning Affinity can feel overwhelming at first, but with her step-by-step guidance, you’ll quickly gain confidence and master the skills to bring your creative projects to life.","Arts, Humanities, Music And Art; Computer Science, Programming, Design And Product",Intermediate,0.0,https://www.coursera.org/learn/create-amazing-macros-in-affinity-photo,Coursera
18,Inteligencia Artificial Generativa para Docentes,"Este curso está dirigido a docentes, formadores y profesionales de la educación que buscan integrar la inteligencia artificial generativa en su enseñanza para mejorar la planificación, evaluación y personalización del aprendizaje. No se requieren conocimientos previos en IA.

Transforma tu enseñanza con IA Generativa

Al finalizar este curso, serás capaz de aplicar herramientas de IA generativa para optimizar tu enseñanza, diseñar estrategias innovadoras y mejorar la evaluación de los estudiantes. Aprenderás a crear materiales interactivos, planificar clases con mayor eficiencia y fomentar el pensamiento crítico en los alumnos mediante el uso responsable de la IA.

Este curso es único porque combina un enfoque práctico con las últimas tendencias en inteligencia artificial aplicada a la educación. No solo conocerás los fundamentos teóricos, sino que también pondrás en práctica lo aprendido con actividades diseñadas para fortalecer tu competencia digital como docente.","Social Sciences, Education; IT, Systems, Networking, Cloud Computing",Intermediate,0.0,https://www.coursera.org/learn/inteligencia-artificial-generativa-para-docentes,Coursera
19,"Inventory Management: Analyze, Optimize & Control","By the end of this course, learners will be able to identify the fundamentals of inventory management, calculate and apply Economic Order Quantity (EOQ), classify items using ABC Analysis, evaluate procurement processes, and compare valuation methods such as FIFO, LIFO, and Average Cost. The course equips participants with practical tools to maintain optimal stock levels, minimize costs, and improve operational efficiency.

This course benefits professionals, students, and entrepreneurs by linking theoretical concepts with real-world applications—helping them make informed decisions about ordering, safety stock, supplier evaluation, and Just-In-Time (JIT) practices. Unlike basic introductions, this course uniquely combines stock level controls, EOQ models, and valuation techniques into one structured program. Learners gain a holistic understanding of how inventory impacts cost efficiency, financial reporting, and supply chain performance.

With structured modules, practice quizzes, and graded assessments, this course ensures that participants not only understand concepts but also build the analytical skills needed for effective inventory control.","Business, Management, Business Essentials",Intermediate,0.0,https://www.coursera.org/learn/inventory-management-analyze-optimize-control,Coursera
20,Modern Art & Ideas,"Modern Art & Ideas is designed for anyone interested in learning more about modern and contemporary art. You will look at art through a variety of themes, including Places and Spaces, Art and Identity, Transforming Everyday Objects, and Art and Society. 

Each week kicks off with a video that connects key works of art to the theme. You’ll also have access to interviews with artists, designers, and others who speak about their materials, processes, and sources of inspiration. Through the discussion forum prompts you will also have the opportunity to connect with other learners and explore how these themes resonate with you.","Arts, Humanities, Music And Art",Intermediate,0.0,https://www.coursera.org/learn/modern-art-ideas,Coursera
21,Brand Identity and Vector Graphics,"This course develops graphic designs skills using Adobe IIllustrator and design sensibilities through effective feedback integration and iterative design processes. Learn to leverage constructive criticism to refine your work, experiment with diverse approaches, and ultimately achieve design excellence.

By the end of this course, you'll be able to: 

• Develop skills in creating visually appealing compositions using Adobe Illustrator.
• Create logos and corporate symbols that effectively represent a brand.
• Design brand identity materials, ensuring consistency across all design elements.
• Complete a final project that demonstrates the ability to create cohesive visual design and branding materials for a video game using Adobe Illustrator.

This is an introduction course, intended for aspiring graphic designers who want to gain essential skills in Adobe Illustrator and learn how to create professional-quality logos and branding materials, graphic designers seeking to specialize in branding, and anyone wanting to learn how to visually represent brands effectively and create consistent brand messaging across various platforms. To succeed in this course, you should have basic literacy, familiarity with basic design principles, and access to Adobe Illustrator.","Business, Management, Marketing; Business, Management, Business Strategy",Intermediate,0.0,https://www.coursera.org/learn/xbox-brand-identity-and-vector-graphics,Coursera
22,The Evolving Universe,"This is an introductory astronomy survey class that covers our understanding of the physical universe and its major constituents, including planetary systems, stars, galaxies, black holes, quasars, larger structures, and the universe as a whole.","Engineering, Physics, Physics And Astronomy",Intermediate,0.0,https://www.coursera.org/learn/evolvinguniverse,Coursera
23,CyberSec First Responder (CFR-310),"Updated in May 2025.
 
This course now features Coursera Coach!
 
A smarter way to learn with interactive, real-time conversations that help you test your knowledge, challenge assumptions, and deepen your understanding as you progress through the course.

In this course, you’ll gain the foundational knowledge needed to respond effectively to cybersecurity incidents. You will be introduced to the key elements of identifying and analyzing cyber threats, attacks, and vulnerabilities. Throughout the course, you'll develop the skills to assess the security posture of a network and prepare a response to potential incidents. By the end, you'll have a comprehensive understanding of the cybersecurity landscape, empowering you to safeguard and protect organizational systems.

The course begins with an in-depth exploration of the different types of cyber threats and actors, as well as the common attack vectors they use. You will learn how attacks are structured, their motives, and the impact they may have on businesses and individuals. In addition to understanding the threats, you'll delve into tools and techniques for vulnerability scanning, penetration testing, and network and system reconnaissance, all critical for identifying weaknesses before an attack happens.

As you progress, the course will focus on gaining access through various attack techniques, including web app scanning, social engineering, and wireless attacks. You will also dive deeper into post-exploitation tactics such as data exfiltration, pivoting, lateral movement, and maintaining persistence. Equipped with these skills, you'll be able to recognize when an attack is underway and respond appropriately.

This course is ideal for aspiring cybersecurity professionals or those looking to enhance their skills in incident response. It’s designed for individuals with a basic understanding of IT concepts, and while no advanced technical knowledge is required, familiarity with networking and security basics will help you excel. The course is structured to build both theoretical understanding and practical skills for dealing with cyber threats.","Computer Science, Programming, Computer Security And Networks; IT, Systems, Networking, Security",Intermediate,0.0,https://www.coursera.org/learn/packt-cybersec-first-responder-cfr-310-x6eph,Coursera
24,Use SurveyMonkey to Create a Survey and Analyze Results,"In this project, we will walk through the survey making process and explore the many ways that SurveyMonkey streamlines and simplifies data collection. We will learn how the program is organized and how it operates, helping you feel comfortable and confident enough to create your own survey to meet your own individual needs.

SurveyMonkey is a cloud based survey software which allows its users to create online surveys for free. SurveyMonkey can help move a business in the right direction by collecting the opinions and thoughts of their employees, shareholders, customers, or any other invested group of individuals. After creating a survey with SurveyMonkey, you can easily email them to your target audience or post them on social media. The question templates provided by SurveyMonkey make creating a professional and thorough survey quick and easy. Its user friendly features and detailed options allow amateurs and marketing gurus alike to create the perfect survey to meet their needs. 

Note: This course works best for learners who are based in the North America region. We’re currently working on providing the same experience in other regions.","Business, Management, Marketing; Business, Management, Business Essentials",Intermediate,0.0,https://www.coursera.org/learn/create-survey-analyze-results-with-surveymonkey,Coursera
25,Star Schemas & Track Changes,"Transform your data architecture skills with advanced dimensional modeling techniques that power enterprise-grade analytics systems. This course empowers data professionals to master the critical intersection of historical data tracking and dimensional model optimization.

This Short Course was created to help data analysts accomplish sophisticated data warehouse design that maintains data integrity while maximizing query performance. By completing this course, you'll be able to implement robust historical tracking mechanisms and systematically optimize dimensional models for better business intelligence outcomes.

By the end of this course, you will be able to:
Apply Type-2 slowly changing dimension techniques to preserve complete data history
Evaluate star schema structures and identify performance bottlenecks
Propose specific refinements that improve both analytical capabilities and query efficiency

This course is unique because it bridges the gap between theoretical dimensional modeling and practical implementation, providing hands-on experience with industry-standard tools like dbt and LookML that you'll use in real-world data engineering projects.

To be successful in this project, you should have a background in SQL, basic data modeling concepts, and familiarity with data warehouse fundamentals.   (It is possible)","Data Science, Machine Learning, Data Analysis; IT, Systems, Networking, Data Management",Intermediate,0.0,https://www.coursera.org/learn/star-schemas--track-changes,Coursera
26,Performing Data Aggregation using SQL Aggregate Functions,"In this 2-hour long project-based course, you will learn how to retrieve data from tables in a database using SQL SELECT statement with SQL Aggregate functions. The aggregate functions we will consider in this project are COUNT, SUM, MIN, MAX and AVG. Aggregate functions are used to summarize data from rows of a table into a single value. In addition, you will learn how to set conditions on the output of an aggregate function using the HAVING clause. Finally, you will learn how to tidy up the result set of aggregate functions using the ROUND function.

Note: You do not need to be a data administrator or data analyst to be successful in this guided project, just a familiarity with querying databases using SQL SELECT statement suffice for this project. If you are not familiar with SQL and want to learn the basics, start with my previous guided projects titled “Performing Data definition and Manipulation in SQL.""  and “Querying Databases using SQL SELECT statement”","Data Science, Machine Learning, Data Analysis; IT, Systems, Networking, Data Management",Intermediate,0.0,https://www.coursera.org/learn/performing-data-aggregation-using-sql-aggregate-functions,Coursera
27,Inteligencia Artificial para personajes en Unreal Engine,"Este curso está dedicado principalmente a estudiantes universitarios de primer y segundo año interesados en ciencia e ingeniería, junto con estudiantes de secundaria y profesionales interesados en programación.","Computer Science, Programming, Software Development",Intermediate,0.0,https://www.coursera.org/learn/inteligencia-artificial-para-personajes-en-unreal-engine,Coursera
28,Advancing Mask Technology for Semiconductors,"This is a comprehensive course designed to deepen your understanding of semiconductor mask technology, a critical component in the miniaturization and efficiency of electronic devices. Throughout this course, you'll explore fundamental concepts, advanced techniques, and practical applications of mask design and fabrication processes, equipping you with the skills necessary to excel in semiconductor manufacturing.

This course is tailored for engineers, technologists, and professionals involved in semiconductor manufacturing and design. It is also suitable for individuals interested in advanced fabrication processes and those aiming to deepen their expertise in semiconductor mask technology.

Participants should have a basic understanding of semiconductor technology, including manufacturing processes and device physics. Familiarity with mask design principles, CAD tools, photolithography, etching, deposition, doping techniques, and cleanroom protocols is recommended. Knowledge of semiconductor device technologies such as CMOS, BJT, and GaN, as well as quality control methods in semiconductor fabrication, will be beneficial.

By the end of this course, you will be able to explain the fundamental principles of semiconductor mask design, apply advanced lithography and fabrication techniques, optimize mask performance for improved manufacturing quality, and implement yield enhancement strategies in semiconductor production. These competencies will empower you to address complex fabrication challenges and stay abreast of the latest advancements in mask technology.","Engineering, Physics, Electrical Engineering; Engineering, Physics, Mechanical Engineering",Intermediate,0.0,https://www.coursera.org/learn/advancing-mask-technology-for-semiconductors,Coursera
29,Developing AI Policy,"AI tools are already changing how we work, and they will continue to do so for years. Over the next few years, we’re likely going to see AI used in ways we’ve never imagined and are not anticipating. This course will guide you as you lead your organization to adopt AI in a way that’s not unethical, illegal, or wrong. This course empowers you to make informed decisions and confidently create an AI policy that matches your organizational goals.

Unique Features of this Course

- Broadly applicable to audiences of any field
- Efficient yet effective overview of major AI policy concerns
- Beginner friendly for those who want to get started using generative AI tools
- Practical tips for how to develop an AI policy and advisory team
- Real-world examples of how industry regulations around AI have changed

Key Words

Artificial Intelligence (AI), Policy, Generative AI, Large Language Models (LLMs),  Data Science

Intended Audience

- Professionals looking for an introduction to AI policies and general regulations
- Decision makers who may have to help write AI policies or determine how AI will be used at an institute
- Anyone curious about how we can use AI more responsibly","Data Science, Machine Learning, Machine Learning; Computer Science, Programming, Software Development",Intermediate,0.0,https://www.coursera.org/learn/developing-ai-policy,Coursera
30,Adobe Dreamweaver CC (2017): Part 1,"Adobe® Dreamweaver® CC (2017) focuses on some of the basic features of Dreamweaver so that students can navigate the environment and use Dreamweaver tools to build websites. Dreamweaver is used by a variety of professionals, such as web developers, web designers, graphic designers, and other professionals; Adobe® Dreamweaver® CC (2017): Part 1 will focus on the tools necessary to build a functional website.

This course is a great component of your preparation for the Adobe Certified Expert (ACE) Dreamweaver CC exam and the Adobe Certified Associate (ACA) Web Authoring Using Adobe Dreamweaver CC exam.

This course is designed for those tasked to create or maintain a website. It will also be valuable for web designers, web developers, and graphic designers who want to extend their skills in creating websites by using a visually based design tool for speed and ease of use.

In this course, you will: identify Dreamweaver uses and advantages, including new features, and manipulate the interface; create a new site in Dreamweaver; create a lay out a basic page and add text; style text and containers with CSS; insert images; create and style links; create tables to store data; and upload your site.

This course requires that you have Adobe Dreamweaver installed on a Windows PC. The course setup instructions provided in the first module of the course go into more detail about the hardware and software requirements.","Computer Science, Programming, Design And Product; Computer Science, Programming, Mobile And Web Development",Intermediate,0.0,https://www.coursera.org/learn/adobe-dreamweaver-cc-2017-lo092005,Coursera
31,Ethics For Engineers Artificial Intelligence,"MIT OpenCourseWare: Ethics For Engineers Artificial Intelligence. Free academic course from MIT's Chemical Engineering department. Covers Chemical Engineering, Process Design.","Chemical Engineering, Process Design",Beginner,4.5,https://ocw.mit.edu/courses/10-01-ethics-for-engineers-artificial-intelligence-spring-2020/,MIT OCW
32,Introduction To Computers And Engineering Problem Solving,"MIT OpenCourseWare: Introduction To Computers And Engineering Problem Solving. Free academic course from MIT's Civil & Environmental Engineering department. Covers Civil Engineering, Environmental Engineering.","Civil Engineering, Environmental Engineering",Beginner,4.5,https://ocw.mit.edu/courses/1-00-introduction-to-computers-and-engineering-problem-solving-spring-2012/,MIT OCW
33,Uncertainty In Engineering,"MIT OpenCourseWare: Uncertainty In Engineering. Free academic course from MIT's Civil & Environmental Engineering department. Covers Civil Engineering, Environmental Engineering.","Civil Engineering, Environmental Engineering",Beginner,4.5,https://ocw.mit.edu/courses/1-010-uncertainty-in-engineering-fall-2008/,MIT OCW
34,Project Evaluation,"MIT OpenCourseWare: Project Evaluation. Free academic course from MIT's Civil & Environmental Engineering department. Covers Civil Engineering, Environmental Engineering.","Civil Engineering, Environmental Engineering",Beginner,4.5,https://ocw.mit.edu/courses/1-011-project-evaluation-spring-2011/,MIT OCW
35,Introduction To Civil Engineering Design,"MIT OpenCourseWare: Introduction To Civil Engineering Design. Free academic course from MIT's Civil & Environmental Engineering department. Covers Civil Engineering, Environmental Engineering.","Civil Engineering, Environmental Engineering",Beginner,4.5,https://ocw.mit.edu/courses/1-012-introduction-to-civil-engineering-design-spring-2002/,MIT OCW
36,Computing And Data Analysis For Environmental Applications,"MIT OpenCourseWare: Computing And Data Analysis For Environmental Applications. Free academic course from MIT's Civil & Environmental Engineering department. Covers Civil Engineering, Environmental Engineering.","Civil Engineering, Environmental Engineering",Beginner,4.5,https://ocw.mit.edu/courses/1-017-computing-and-data-analysis-for-environmental-applications-fall-2003/,MIT OCW
37,Ecology I The Earth System,"MIT OpenCourseWare: Ecology I The Earth System. Free academic course from MIT's Civil & Environmental Engineering department. Covers Civil Engineering, Environmental Engineering.","Civil Engineering, Environmental Engineering",Beginner,4.5,https://ocw.mit.edu/courses/1-018j-ecology-i-the-earth-system-fall-2009/,MIT OCW
38,Ecology Ii Engineering For Sustainability,"MIT OpenCourseWare: Ecology Ii Engineering For Sustainability. Free academic course from MIT's Civil & Environmental Engineering department. Covers Civil Engineering, Environmental Engineering.","Civil Engineering, Environmental Engineering",Beginner,4.5,https://ocw.mit.edu/courses/1-020-ecology-ii-engineering-for-sustainability-spring-2008/,MIT OCW
39,Introduction To Network Models,"MIT OpenCourseWare: Introduction To Network Models. Free academic course from MIT's Civil & Environmental Engineering department. Covers Civil Engineering, Environmental Engineering.","Civil Engineering, Environmental Engineering",Beginner,4.5,https://ocw.mit.edu/courses/1-022-introduction-to-network-models-fall-2018/,MIT OCW
40,Transport Processes,"MIT OpenCourseWare: Transport Processes. Free academic course from MIT's Chemical Engineering department. Covers Chemical Engineering, Process Design.","Chemical Engineering, Process Design",Advanced,4.5,https://ocw.mit.edu/courses/10-302-transport-processes-fall-2004/,MIT OCW
41,Separation Processes,"MIT OpenCourseWare: Separation Processes. Free academic course from MIT's Chemical Engineering department. Covers Chemical Engineering, Process Design.","Chemical Engineering, Process Design",Beginner,4.5,https://ocw.mit.edu/courses/10-32-separation-processes-spring-2005/,MIT OCW
42,Mechanics Of Material Systems An Energy Approach,"MIT OpenCourseWare: Mechanics Of Material Systems An Energy Approach. Free academic course from MIT's Civil & Environmental Engineering department. Covers Civil Engineering, Environmental Engineering.","Civil Engineering, Environmental Engineering",Beginner,4.5,https://ocw.mit.edu/courses/1-033-mechanics-of-material-systems-an-energy-approach-fall-2003/,MIT OCW
43,Numerical Methods Applied To Chemical Engineering,"MIT OpenCourseWare: Numerical Methods Applied To Chemical Engineering. Free academic course from MIT's Chemical Engineering department. Covers Chemical Engineering, Process Design.","Chemical Engineering, Process Design",Beginner,4.5,https://ocw.mit.edu/courses/10-34-numerical-methods-applied-to-chemical-engineering-fall-2005/,MIT OCW
44,Chemical And Biological Reaction Engineering,"MIT OpenCourseWare: Chemical And Biological Reaction Engineering. Free academic course from MIT's Chemical Engineering department. Covers Chemical Engineering, Process Design.","Chemical Engineering, Process Design",Beginner,4.5,https://ocw.mit.edu/courses/10-37-chemical-and-biological-reaction-engineering-spring-2007/,MIT OCW
45,Chemical Engineering Thermodynamics,"MIT OpenCourseWare: Chemical Engineering Thermodynamics. Free academic course from MIT's Chemical Engineering department. Covers Chemical Engineering, Process Design.","Chemical Engineering, Process Design",Beginner,4.5,https://ocw.mit.edu/courses/10-40-chemical-engineering-thermodynamics-fall-2003/,MIT OCW
46,Project Management,"MIT OpenCourseWare: Project Management. Free academic course from MIT's Civil & Environmental Engineering department. Covers Civil Engineering, Environmental Engineering.","Civil Engineering, Environmental Engineering",Beginner,4.5,https://ocw.mit.edu/courses/1-040-project-management-spring-2004/,MIT OCW
47,Biochemical Engineering,"MIT OpenCourseWare: Biochemical Engineering. Free academic course from MIT's Chemical Engineering department. Covers Chemical Engineering, Process Design.","Chemical Engineering, Process Design",Advanced,4.5,https://ocw.mit.edu/courses/10-442-biochemical-engineering-spring-2005/,MIT OCW
48,Separation Processes For Biochemical Products,"MIT OpenCourseWare: Separation Processes For Biochemical Products. Free academic course from MIT's Chemical Engineering department. Covers Chemical Engineering, Process Design.","Chemical Engineering, Process Design",Advanced,4.5,https://ocw.mit.edu/courses/10-445-separation-processes-for-biochemical-products-summer-2005/,MIT OCW
49,Process Dynamics Operations And Control,"MIT OpenCourseWare: Process Dynamics Operations And Control. Free academic course from MIT's Chemical Engineering department. Covers Chemical Engineering, Process Design.","Chemical Engineering, Process Design",Advanced,4.5,https://ocw.mit.edu/courses/10-450-process-dynamics-operations-and-control-spring-2006/,MIT OCW
50,Polymer Science Laboratory,"MIT OpenCourseWare: Polymer Science Laboratory. Free academic course from MIT's Chemical Engineering department. Covers Chemical Engineering, Process Design.","Chemical Engineering, Process Design",Advanced,4.5,https://ocw.mit.edu/courses/10-467-polymer-science-laboratory-fall-2005/,MIT OCW
51,Integrated Chemical Engineering I,"MIT OpenCourseWare: Integrated Chemical Engineering I. Free academic course from MIT's Chemical Engineering department. Covers Chemical Engineering, Process Design.","Chemical Engineering, Process Design",Advanced,4.5,https://ocw.mit.edu/courses/10-490-integrated-chemical-engineering-i-fall-2006/,MIT OCW
52,Integrated Chemical Engineering Ii,"MIT OpenCourseWare: Integrated Chemical Engineering Ii. Free academic course from MIT's Chemical Engineering department. Covers Chemical Engineering, Process Design.","Chemical Engineering, Process Design",Advanced,4.5,https://ocw.mit.edu/courses/10-491-integrated-chemical-engineering-ii-spring-2006/,MIT OCW
53,1 Integrated Chemical Engineering Topics I Process Control By Design,"MIT OpenCourseWare: 1 Integrated Chemical Engineering Topics I Process Control By Design. Free academic course from MIT's Chemical Engineering department. Covers Chemical Engineering, Process Design.","Chemical Engineering, Process Design",Advanced,4.5,https://ocw.mit.edu/courses/10-492-1-integrated-chemical-engineering-topics-i-process-control-by-design-fall-2004/,MIT OCW
54,2 Integrated Chemical Engineering Topics I Introduction To Biocatalysis,"MIT OpenCourseWare: 2 Integrated Chemical Engineering Topics I Introduction To Biocatalysis. Free academic course from MIT's Chemical Engineering department. Covers Chemical Engineering, Process Design.","Chemical Engineering, Process Design",Advanced,4.5,https://ocw.mit.edu/courses/10-492-2-integrated-chemical-engineering-topics-i-introduction-to-biocatalysis-fall-2004/,MIT OCW
55,Engineering Mechanics I,"MIT OpenCourseWare: Engineering Mechanics I. Free academic course from MIT's Civil & Environmental Engineering department. Covers Civil Engineering, Environmental Engineering.","Civil Engineering, Environmental Engineering",Beginner,4.5,https://ocw.mit.edu/courses/1-050-engineering-mechanics-i-fall-2007/,MIT OCW
56,Solid Mechanics,"MIT OpenCourseWare: Solid Mechanics. Free academic course from MIT's Civil & Environmental Engineering department. Covers Civil Engineering, Environmental Engineering.","Civil Engineering, Environmental Engineering",Beginner,4.5,https://ocw.mit.edu/courses/1-050-solid-mechanics-fall-2004/,MIT OCW
57,Structural Engineering Design,"MIT OpenCourseWare: Structural Engineering Design. Free academic course from MIT's Civil & Environmental Engineering department. Covers Civil Engineering, Environmental Engineering.","Civil Engineering, Environmental Engineering",Beginner,4.5,https://ocw.mit.edu/courses/1-051-structural-engineering-design-fall-2003/,MIT OCW
58,Molecular Aspects Of Chemical Engineering,"MIT OpenCourseWare: Molecular Aspects Of Chemical Engineering. Free academic course from MIT's Chemical Engineering department. Covers Chemical Engineering, Process Design.","Chemical Engineering, Process Design",Advanced,4.5,https://ocw.mit.edu/courses/10-520-molecular-aspects-of-chemical-engineering-fall-2004/,MIT OCW
59,Mechanics Of Fluids,"MIT OpenCourseWare: Mechanics Of Fluids. Free academic course from MIT's Chemical Engineering department. Covers Chemical Engineering, Process Design.","Chemical Engineering, Process Design",Beginner,4.5,https://ocw.mit.edu/courses/10-52-mechanics-of-fluids-spring-2006/,MIT OCW
60,Mechanics And Design Of Concrete Structures,"MIT OpenCourseWare: Mechanics And Design Of Concrete Structures. Free academic course from MIT's Civil & Environmental Engineering department. Covers Civil Engineering, Environmental Engineering.","Civil Engineering, Environmental Engineering",Beginner,4.5,https://ocw.mit.edu/courses/1-054-mechanics-and-design-of-concrete-structures-spring-2004/,MIT OCW
61,Synthesis Of Polymers,"MIT OpenCourseWare: Synthesis Of Polymers. Free academic course from MIT's Chemical Engineering department. Covers Chemical Engineering, Process Design.","Chemical Engineering, Process Design",Advanced,4.5,https://ocw.mit.edu/courses/10-569-synthesis-of-polymers-fall-2006/,MIT OCW
62,Atmospheric Physics And Chemistry,"MIT OpenCourseWare: Atmospheric Physics And Chemistry. Free academic course from MIT's Chemical Engineering department. Covers Chemical Engineering, Process Design.","Chemical Engineering, Process Design",Advanced,4.5,https://ocw.mit.edu/courses/10-571j-atmospheric-physics-and-chemistry-spring-2006/,MIT OCW
63,Engineering Mechanics Ii,"MIT OpenCourseWare: Engineering Mechanics Ii. Free academic course from MIT's Civil & Environmental Engineering department. Covers Civil Engineering, Environmental Engineering.","Civil Engineering, Environmental Engineering",Beginner,4.5,https://ocw.mit.edu/courses/1-060-engineering-mechanics-ii-spring-2006/,MIT OCW
64,Transport Processes In The Environment,"MIT OpenCourseWare: Transport Processes In The Environment. Free academic course from MIT's Civil & Environmental Engineering department. Covers Civil Engineering, Environmental Engineering.","Civil Engineering, Environmental Engineering",Beginner,4.5,https://ocw.mit.edu/courses/1-061-transport-processes-in-the-environment-fall-2008/,MIT OCW
65,Electrochemical Energy Systems,"MIT OpenCourseWare: Electrochemical Energy Systems. Free academic course from MIT's Chemical Engineering department. Covers Chemical Engineering, Process Design.","Chemical Engineering, Process Design",Advanced,4.5,https://ocw.mit.edu/courses/10-626-electrochemical-energy-systems-spring-2014/,MIT OCW
66,Computational Quantum Mechanics Of Molecular And Extended Systems,"MIT OpenCourseWare: Computational Quantum Mechanics Of Molecular And Extended Systems. Free academic course from MIT's Chemical Engineering department. Covers Chemical Engineering, Process Design.","Chemical Engineering, Process Design",Advanced,4.5,https://ocw.mit.edu/courses/10-675j-computational-quantum-mechanics-of-molecular-and-extended-systems-fall-2004/,MIT OCW
67,Technology Law And The Working Environment,"MIT OpenCourseWare: Technology Law And The Working Environment. Free academic course from MIT's Chemical Engineering department. Covers Chemical Engineering, Process Design.","Chemical Engineering, Process Design",Advanced,4.5,https://ocw.mit.edu/courses/10-805j-technology-law-and-the-working-environment-spring-2006/,MIT OCW
68,Introduction To Urban Design And Development,"MIT OpenCourseWare: Introduction To Urban Design And Development. Free academic course from MIT's Urban Studies & Planning department. Covers Urban Planning, Public Policy, Community.","Urban Planning, Public Policy, Community",Beginner,4.5,https://ocw.mit.edu/courses/11-001j-introduction-to-urban-design-and-development-spring-2006/,MIT OCW
69,Making Public Policy,"MIT OpenCourseWare: Making Public Policy. Free academic course from MIT's Urban Studies & Planning department. Covers Urban Planning, Public Policy, Community.","Urban Planning, Public Policy, Community",Beginner,4.5,https://ocw.mit.edu/courses/11-002j-making-public-policy-fall-2014/,MIT OCW
70,Methods Of Policy Analysis,"MIT OpenCourseWare: Methods Of Policy Analysis. Free academic course from MIT's Urban Studies & Planning department. Covers Urban Planning, Public Policy, Community.","Urban Planning, Public Policy, Community",Beginner,4.5,https://ocw.mit.edu/courses/11-003j-methods-of-policy-analysis-spring-2016/,MIT OCW
71,Introduction To International Development,"MIT OpenCourseWare: Introduction To International Development. Free academic course from MIT's Urban Studies & Planning department. Covers Urban Planning, Public Policy, Community.","Urban Planning, Public Policy, Community",Beginner,4.5,https://ocw.mit.edu/courses/11-005-introduction-to-international-development-spring-2015/,MIT OCW
72,Poverty And Economic Security,"MIT OpenCourseWare: Poverty And Economic Security. Free academic course from MIT's Urban Studies & Planning department. Covers Urban Planning, Public Policy, Community.","Urban Planning, Public Policy, Community",Beginner,4.5,https://ocw.mit.edu/courses/11-006-poverty-and-economic-security-fall-2016/,MIT OCW
73,Resolving Public Disputes,"MIT OpenCourseWare: Resolving Public Disputes. Free academic course from MIT's Urban Studies & Planning department. Covers Urban Planning, Public Policy, Community.","Urban Planning, Public Policy, Community",Beginner,4.5,https://ocw.mit.edu/courses/11-007-resolving-public-disputes-spring-2005/,MIT OCW
74,The Art And Science Of Negotiation,"MIT OpenCourseWare: The Art And Science Of Negotiation. Free academic course from MIT's Urban Studies & Planning department. Covers Urban Planning, Public Policy, Community.","Urban Planning, Public Policy, Community",Beginner,4.5,https://ocw.mit.edu/courses/11-011-the-art-and-science-of-negotiation-spring-2006/,MIT OCW
75,American Urban History I,"MIT OpenCourseWare: American Urban History I. Free academic course from MIT's Urban Studies & Planning department. Covers Urban Planning, Public Policy, Community.","Urban Planning, Public Policy, Community",Beginner,4.5,https://ocw.mit.edu/courses/11-013j-american-urban-history-i-spring-2010/,MIT OCW
76,American Urban History Ii,"MIT OpenCourseWare: American Urban History Ii. Free academic course from MIT's Urban Studies & Planning department. Covers Urban Planning, Public Policy, Community.","Urban Planning, Public Policy, Community",Beginner,4.5,https://ocw.mit.edu/courses/11-014j-american-urban-history-ii-fall-2011/,MIT OCW
77,The Once And Future City,"MIT OpenCourseWare: The Once And Future City. Free academic course from MIT's Urban Studies & Planning department. Covers Urban Planning, Public Policy, Community.","Urban Planning, Public Policy, Community",Beginner,4.5,https://ocw.mit.edu/courses/11-016j-the-once-and-future-city-spring-2015/,MIT OCW
78,Introduction To Civil And Environmental Engineering Design I,"MIT OpenCourseWare: Introduction To Civil And Environmental Engineering Design I. Free academic course from MIT's Civil & Environmental Engineering department. Covers Civil Engineering, Environmental Engineering.","Civil Engineering, Environmental Engineering",Intermediate,4.5,https://ocw.mit.edu/courses/1-101-introduction-to-civil-and-environmental-engineering-design-i-fall-2005/,MIT OCW
79,Poverty Public Policy And Controversy,"MIT OpenCourseWare: Poverty Public Policy And Controversy. Free academic course from MIT's Urban Studies & Planning department. Covers Urban Planning, Public Policy, Community.","Urban Planning, Public Policy, Community",Beginner,4.5,https://ocw.mit.edu/courses/11-020-poverty-public-policy-and-controversy-fall-2003/,MIT OCW
80,City To City Comparing Researching And Writing About Cities New Orleans,"MIT OpenCourseWare: City To City Comparing Researching And Writing About Cities New Orleans. Free academic course from MIT's Urban Studies & Planning department. Covers Urban Planning, Public Policy, Community.","Urban Planning, Public Policy, Community",Beginner,4.5,https://ocw.mit.edu/courses/11-027-city-to-city-comparing-researching-and-writing-about-cities-new-orleans-spring-2011/,MIT OCW
81,City To City Comparing Researching And Writing About Cities,"MIT OpenCourseWare: City To City Comparing Researching And Writing About Cities. Free academic course from MIT's Urban Studies & Planning department. Covers Urban Planning, Public Policy, Community.","Urban Planning, Public Policy, Community",Beginner,4.5,https://ocw.mit.edu/courses/11-027-city-to-city-comparing-researching-and-writing-about-cities-spring-2006/,MIT OCW
82,Global Cityscope Disaster Planning And Post Disaster Rebuilding And Recovery,"MIT OpenCourseWare: Global Cityscope Disaster Planning And Post Disaster Rebuilding And Recovery. Free academic course from MIT's Urban Studies & Planning department. Covers Urban Planning, Public Policy, Community.","Urban Planning, Public Policy, Community",Beginner,4.5,https://ocw.mit.edu/courses/11-027-global-cityscope-disaster-planning-and-post-disaster-rebuilding-and-recovery-spring-2017/,MIT OCW
83,Civil Engineering Materials Laboratory,"MIT OpenCourseWare: Civil Engineering Materials Laboratory. Free academic course from MIT's Civil & Environmental Engineering department. Covers Civil Engineering, Environmental Engineering.","Civil Engineering, Environmental Engineering",Intermediate,4.5,https://ocw.mit.edu/courses/1-103-civil-engineering-materials-laboratory-spring-2004/,MIT OCW
84,Solid Mechanics Laboratory,"MIT OpenCourseWare: Solid Mechanics Laboratory. Free academic course from MIT's Civil & Environmental Engineering department. Covers Civil Engineering, Environmental Engineering.","Civil Engineering, Environmental Engineering",Intermediate,4.5,https://ocw.mit.edu/courses/1-105-solid-mechanics-laboratory-fall-2003/,MIT OCW
85,Environment And Society,"MIT OpenCourseWare: Environment And Society. Free academic course from MIT's Urban Studies & Planning department. Covers Urban Planning, Public Policy, Community.","Urban Planning, Public Policy, Community",Intermediate,4.5,https://ocw.mit.edu/courses/11-122-environment-and-society-fall-2002/,MIT OCW
86,Big Plans And Mega Urban Landscapes,"MIT OpenCourseWare: Big Plans And Mega Urban Landscapes. Free academic course from MIT's Urban Studies & Planning department. Covers Urban Planning, Public Policy, Community.","Urban Planning, Public Policy, Community",Intermediate,4.5,https://ocw.mit.edu/courses/11-123-big-plans-and-mega-urban-landscapes-spring-2014/,MIT OCW
87,Introduction To Education Looking Forward And Looking Back On Education,"MIT OpenCourseWare: Introduction To Education Looking Forward And Looking Back On Education. Free academic course from MIT's Urban Studies & Planning department. Covers Urban Planning, Public Policy, Community.","Urban Planning, Public Policy, Community",Intermediate,4.5,https://ocw.mit.edu/courses/11-124-introduction-to-education-looking-forward-and-looking-back-on-education-fall-2011/,MIT OCW
88,Introduction To Education Understanding And Evaluating Education,"MIT OpenCourseWare: Introduction To Education Understanding And Evaluating Education. Free academic course from MIT's Urban Studies & Planning department. Covers Urban Planning, Public Policy, Community.","Urban Planning, Public Policy, Community",Intermediate,4.5,https://ocw.mit.edu/courses/11-125-introduction-to-education-understanding-and-evaluating-education-spring-2009/,MIT OCW
89,Economics Of Education,"MIT OpenCourseWare: Economics Of Education. Free academic course from MIT's Urban Studies & Planning department. Covers Urban Planning, Public Policy, Community.","Urban Planning, Public Policy, Community",Intermediate,4.5,https://ocw.mit.edu/courses/11-126j-economics-of-education-spring-2007/,MIT OCW
90,Computer Games And Simulations For Education And Exploration,"MIT OpenCourseWare: Computer Games And Simulations For Education And Exploration. Free academic course from MIT's Urban Studies & Planning department. Covers Urban Planning, Public Policy, Community.","Urban Planning, Public Policy, Community",Intermediate,4.5,https://ocw.mit.edu/courses/11-127j-computer-games-and-simulations-for-education-and-exploration-spring-2015/,MIT OCW
91,Information Technology And The Labor Market,"MIT OpenCourseWare: Information Technology And The Labor Market. Free academic course from MIT's Urban Studies & Planning department. Covers Urban Planning, Public Policy, Community.","Urban Planning, Public Policy, Community",Intermediate,4.5,https://ocw.mit.edu/courses/11-128-information-technology-and-the-labor-market-spring-2005/,MIT OCW
92,Educational Theory And Practice I,"MIT OpenCourseWare: Educational Theory And Practice I. Free academic course from MIT's Urban Studies & Planning department. Covers Urban Planning, Public Policy, Community.","Urban Planning, Public Policy, Community",Intermediate,4.5,https://ocw.mit.edu/courses/11-129-educational-theory-and-practice-i-fall-2011/,MIT OCW
93,Educational Theory And Practice Iii,"MIT OpenCourseWare: Educational Theory And Practice Iii. Free academic course from MIT's Urban Studies & Planning department. Covers Urban Planning, Public Policy, Community.","Urban Planning, Public Policy, Community",Intermediate,4.5,https://ocw.mit.edu/courses/11-131-educational-theory-and-practice-iii-spring-2012/,MIT OCW
94,The City In Film,"MIT OpenCourseWare: The City In Film. Free academic course from MIT's Urban Studies & Planning department. Covers Urban Planning, Public Policy, Community.","Urban Planning, Public Policy, Community",Intermediate,4.5,https://ocw.mit.edu/courses/11-139-the-city-in-film-spring-2015/,MIT OCW
95,Human Rights At Home And Abroad,"MIT OpenCourseWare: Human Rights At Home And Abroad. Free academic course from MIT's Urban Studies & Planning department. Covers Urban Planning, Public Policy, Community.","Urban Planning, Public Policy, Community",Intermediate,4.5,https://ocw.mit.edu/courses/11-164-human-rights-at-home-and-abroad-fall-2015/,MIT OCW
96,Infrastructure And Energy Technology Challenges,"MIT OpenCourseWare: Infrastructure And Energy Technology Challenges. Free academic course from MIT's Urban Studies & Planning department. Covers Urban Planning, Public Policy, Community.","Urban Planning, Public Policy, Community",Intermediate,4.5,https://ocw.mit.edu/courses/11-165-infrastructure-and-energy-technology-challenges-fall-2011/,MIT OCW
97,Law Social Movements And Public Policy Comparative And International Experience,"MIT OpenCourseWare: Law Social Movements And Public Policy Comparative And International Experience. Free academic course from MIT's Urban Studies & Planning department. Covers Urban Planning, Public Policy, Community.","Urban Planning, Public Policy, Community",Intermediate,4.5,https://ocw.mit.edu/courses/11-166-law-social-movements-and-public-policy-comparative-and-international-experience-spring-2012/,MIT OCW
98,Economic Development Technical Capabilities,"MIT OpenCourseWare: Economic Development Technical Capabilities. Free academic course from MIT's Urban Studies & Planning department. Covers Urban Planning, Public Policy, Community.","Urban Planning, Public Policy, Community",Intermediate,4.5,https://ocw.mit.edu/courses/11-167-economic-development-technical-capabilities-spring-2004/,MIT OCW
99,Gateway Planning Action,"MIT OpenCourseWare: Gateway Planning Action. Free academic course from MIT's Urban Studies & Planning department. Covers Urban Planning, Public Policy, Community.","Urban Planning, Public Policy, Community",Intermediate,4.5,https://ocw.mit.edu/courses/11-201-gateway-planning-action-fall-2002/,MIT OCW
100,Gateway To The Profession Of Planning,"MIT OpenCourseWare: Gateway To The Profession Of Planning. Free academic course from MIT's Urban Studies & Planning department. Covers Urban Planning, Public Policy, Community.","Urban Planning, Public Policy, Community",Intermediate,4.5,https://ocw.mit.edu/courses/11-201-gateway-to-the-profession-of-planning-fall-2010/,MIT OCW
101,Planning Economics,"MIT OpenCourseWare: Planning Economics. Free academic course from MIT's Urban Studies & Planning department. Covers Urban Planning, Public Policy, Community.","Urban Planning, Public Policy, Community",Intermediate,4.5,https://ocw.mit.edu/courses/11-202-planning-economics-fall-2010/,MIT OCW
102,Microeconomics,"MIT OpenCourseWare: Microeconomics. Free academic course from MIT's Urban Studies & Planning department. Covers Urban Planning, Public Policy, Community.","Urban Planning, Public Policy, Community",Intermediate,4.5,https://ocw.mit.edu/courses/11-203-microeconomics-fall-2010/,MIT OCW
103,Planning Communications And Digital Media,"MIT OpenCourseWare: Planning Communications And Digital Media. Free academic course from MIT's Urban Studies & Planning department. Covers Urban Planning, Public Policy, Community.","Urban Planning, Public Policy, Community",Intermediate,4.5,https://ocw.mit.edu/courses/11-204-planning-communications-and-digital-media-fall-2004/,MIT OCW
104,Introduction To Spatial Analysis,"MIT OpenCourseWare: Introduction To Spatial Analysis. Free academic course from MIT's Urban Studies & Planning department. Covers Urban Planning, Public Policy, Community.","Urban Planning, Public Policy, Community",Intermediate,4.5,https://ocw.mit.edu/courses/11-205-introduction-to-spatial-analysis-fall-2019/,MIT OCW
105,Introduction To Computers In Public Management Ii,"MIT OpenCourseWare: Introduction To Computers In Public Management Ii. Free academic course from MIT's Urban Studies & Planning department. Covers Urban Planning, Public Policy, Community.","Urban Planning, Public Policy, Community",Intermediate,4.5,https://ocw.mit.edu/courses/11-208-introduction-to-computers-in-public-management-ii-january-iap-2002/,MIT OCW
106,Responsive Web Design,"freeCodeCamp certified curriculum: Responsive Web Design. HTML, CSS, Responsive Design.","HTML, CSS, Responsive Design",Beginner,4.8,https://www.freecodecamp.org/learn/responsive-web-design/,freeCodeCamp
107,JavaScript Algorithms and Data Structures,"freeCodeCamp certified curriculum: JavaScript Algorithms and Data Structures. JavaScript, Algorithms, Data Structures.","JavaScript, Algorithms, Data Structures",Intermediate,4.8,https://www.freecodecamp.org/learn/javascript-algorithms-and-data-structures/,freeCodeCamp
108,Front End Development Libraries,"freeCodeCamp certified curriculum: Front End Development Libraries. React, Redux, Bootstrap, jQuery.","React, Redux, Bootstrap, jQuery",Intermediate,4.8,https://www.freecodecamp.org/learn/front-end-development-libraries/,freeCodeCamp
109,Data Visualization,"freeCodeCamp certified curriculum: Data Visualization. D3.js, Data Visualization, SVG.","D3.js, Data Visualization, SVG",Intermediate,4.8,https://www.freecodecamp.org/learn/data-visualization/,freeCodeCamp
110,Relational Database,"freeCodeCamp certified curriculum: Relational Database. SQL, PostgreSQL, Bash.","SQL, PostgreSQL, Bash",Intermediate,4.8,https://www.freecodecamp.org/learn/relational-database/,freeCodeCamp
111,Back End Development and APIs,"freeCodeCamp certified curriculum: Back End Development and APIs. Node.js, Express, MongoDB.","Node.js, Express, MongoDB",Intermediate,4.8,https://www.freecodecamp.org/learn/back-end-development-and-apis/,freeCodeCamp
112,Quality Assurance,"freeCodeCamp certified curriculum: Quality Assurance. Testing, Chai, Mocha.","Testing, Chai, Mocha",Advanced,4.8,https://www.freecodecamp.org/learn/quality-assurance/,freeCodeCamp
113,Scientific Computing with Python,"freeCodeCamp certified curriculum: Scientific Computing with Python. Python, NumPy, Pandas, Matplotlib.","Python, NumPy, Pandas, Matplotlib",Beginner,4.8,https://www.freecodecamp.org/learn/scientific-computing-with-python/,freeCodeCamp
114,Data Analysis with Python,"freeCodeCamp certified curriculum: Data Analysis with Python. Python, Pandas, NumPy, Data Analysis.","Python, Pandas, NumPy, Data Analysis",Intermediate,4.8,https://www.freecodecamp.org/learn/data-analysis-with-python/,freeCodeCamp
115,Information Security,"freeCodeCamp certified curriculum: Information Security. Cybersecurity, Penetration Testing.","Cybersecurity, Penetration Testing",Advanced,4.8,https://www.freecodecamp.org/learn/information-security/,freeCodeCamp
116,Machine Learning with Python,"freeCodeCamp certified curriculum: Machine Learning with Python. Machine Learning, TensorFlow, Python.","Machine Learning, TensorFlow, Python",Advanced,4.8,https://www.freecodecamp.org/learn/machine-learning-with-python/,freeCodeCamp
117,College Algebra with Python,"freeCodeCamp certified curriculum: College Algebra with Python. Mathematics, Algebra, Python.","Mathematics, Algebra, Python",Beginner,4.8,https://www.freecodecamp.org/learn/college-algebra-with-python/,freeCodeCamp
118,A2 English for Developers,"freeCodeCamp certified curriculum: A2 English for Developers. English, Communication.","English, Communication",Beginner,4.8,https://www.freecodecamp.org/learn/a2-english-for-developers/,freeCodeCamp
119,Foundational C# with Microsoft,"freeCodeCamp certified curriculum: Foundational C# with Microsoft. C#, .NET, Microsoft.","C#, .NET, Microsoft",Beginner,4.8,https://www.freecodecamp.org/learn/foundational-c#-with-microsoft/,freeCodeCamp
120,Math,"Free Khan Academy course: Math. Covers Mathematics, Arithmetic, Geometry, Trigonometry. Learn at your own pace with exercises and videos.","Mathematics, Arithmetic, Geometry, Trigonometry",Beginner,4.7,https://www.khanacademy.org/math,Khan Academy
121,Algebra,"Free Khan Academy course: Algebra. Covers Algebra, Linear Equations, Polynomials. Learn at your own pace with exercises and videos.","Algebra, Linear Equations, Polynomials",Beginner,4.7,https://www.khanacademy.org/math/algebra,Khan Academy
122,Calculus 1,"Free Khan Academy course: Calculus 1. Covers Calculus, Derivatives, Integrals, Limits. Learn at your own pace with exercises and videos.","Calculus, Derivatives, Integrals, Limits",Intermediate,4.7,https://www.khanacademy.org/math/calculus-1,Khan Academy
123,Statistics & Probability,"Free Khan Academy course: Statistics & Probability. Covers Statistics, Probability, Data Analysis, Distributions. Learn at your own pace with exercises and videos.","Statistics, Probability, Data Analysis, Distributions",Intermediate,4.7,https://www.khanacademy.org/math/statistics-probability,Khan Academy
124,Linear Algebra,"Free Khan Academy course: Linear Algebra. Covers Linear Algebra, Vectors, Matrices, Eigenvalues. Learn at your own pace with exercises and videos.","Linear Algebra, Vectors, Matrices, Eigenvalues",Advanced,4.7,https://www.khanacademy.org/math/linear-algebra,Khan Academy
125,Differential Equations,"Free Khan Academy course: Differential Equations. Covers Differential Equations, Calculus, Engineering Math. Learn at your own pace with exercises and videos.","Differential Equations, Calculus, Engineering Math",Advanced,4.7,https://www.khanacademy.org/math/differential-equations,Khan Academy
126,AP Computer Science Principles,"Free Khan Academy course: AP Computer Science Principles. Covers Computer Science, Programming, Algorithms, Data. Learn at your own pace with exercises and videos.","Computer Science, Programming, Algorithms, Data",Beginner,4.7,https://www.khanacademy.org/computing/ap-computer-science-principles,Khan Academy
127,Computer Programming,"Free Khan Academy course: Computer Programming. Covers JavaScript, HTML, CSS, Web Development. Learn at your own pace with exercises and videos.","JavaScript, HTML, CSS, Web Development",Beginner,4.7,https://www.khanacademy.org/computing/computer-programming,Khan Academy
128,Computer Science,"Free Khan Academy course: Computer Science. Covers Algorithms, Data Structures, Computer Theory. Learn at your own pace with exercises and videos.","Algorithms, Data Structures, Computer Theory",Intermediate,4.7,https://www.khanacademy.org/computing/computer-science,Khan Academy
129,AP Physics 1,"Free Khan Academy course: AP Physics 1. Covers Physics, Mechanics, Forces, Energy, Waves. Learn at your own pace with exercises and videos.","Physics, Mechanics, Forces, Energy, Waves",Intermediate,4.7,https://www.khanacademy.org/science/ap-physics-1,Khan Academy
130,AP Chemistry,"Free Khan Academy course: AP Chemistry. Covers Chemistry, Chemical Reactions, Stoichiometry. Learn at your own pace with exercises and videos.","Chemistry, Chemical Reactions, Stoichiometry",Intermediate,4.7,https://www.khanacademy.org/science/ap-chemistry-beta,Khan Academy
131,AP Biology,"Free Khan Academy course: AP Biology. Covers Biology, Cell Biology, Genetics, Evolution. Learn at your own pace with exercises and videos.","Biology, Cell Biology, Genetics, Evolution",Intermediate,4.7,https://www.khanacademy.org/science/ap-biology,Khan Academy
132,Organic Chemistry,"Free Khan Academy course: Organic Chemistry. Covers Organic Chemistry, Reactions, Spectroscopy. Learn at your own pace with exercises and videos.","Organic Chemistry, Reactions, Spectroscopy",Advanced,4.7,https://www.khanacademy.org/science/organic-chemistry,Khan Academy
133,Macroeconomics,"Free Khan Academy course: Macroeconomics. Covers Economics, GDP, Inflation, Monetary Policy. Learn at your own pace with exercises and videos.","Economics, GDP, Inflation, Monetary Policy",Intermediate,4.7,https://www.khanacademy.org/economics-finance-domain/macroeconomics,Khan Academy
134,Finance & Capital Markets,"Free Khan Academy course: Finance & Capital Markets. Covers Finance, Stocks, Bonds, Investment, Banking. Learn at your own pace with exercises and videos.","Finance, Stocks, Bonds, Investment, Banking",Intermediate,4.7,https://www.khanacademy.org/economics-finance-domain/core-finance,Khan Academy
135,World History,"Free Khan Academy course: World History. Covers History, World History, Civilizations, Culture. Learn at your own pace with exercises and videos.","History, World History, Civilizations, Culture",Beginner,4.7,https://www.khanacademy.org/humanities/world-history,Khan Academy
136,US History,"Free Khan Academy course: US History. Covers American History, Government, Law, Society. Learn at your own pace with exercises and videos.","American History, Government, Law, Society",Beginner,4.7,https://www.khanacademy.org/humanities/us-history,Khan Academy
137,Art History,"Free Khan Academy course: Art History. Covers Art History, Painting, Sculpture, Periods. Learn at your own pace with exercises and videos.","Art History, Painting, Sculpture, Periods",Beginner,4.7,https://www.khanacademy.org/humanities/art-history,Khan Academy
138,Grammar,"Free Khan Academy course: Grammar. Covers English Grammar, Writing, Language Arts. Learn at your own pace with exercises and videos.","English Grammar, Writing, Language Arts",Beginner,4.7,https://www.khanacademy.org/humanities/grammar,Khan Academy
139,GMAT,"Free Khan Academy course: GMAT. Covers GMAT, Business School, Test Prep, Quantitative. Learn at your own pace with exercises and videos.","GMAT, Business School, Test Prep, Quantitative",Advanced,4.7,https://www.khanacademy.org/test-prep/gmat,Khan Academy
140,SAT,"Free Khan Academy course: SAT. Covers SAT, College Entrance, Test Preparation, Math. Learn at your own pace with exercises and videos.","SAT, College Entrance, Test Preparation, Math",Intermediate,4.7,https://www.khanacademy.org/test-prep/sat,Khan Academy
141,Life Skills,"Free Khan Academy course: Life Skills. Covers Personal Finance, Career, Decision Making, Life Skills. Learn at your own pace with exercises and videos.","Personal Finance, Career, Decision Making, Life Skills",Beginner,4.7,https://www.khanacademy.org/college-careers-more/life-skills,Khan Academy
